
-- ----------------------------
-- Records of pdk_bd_city_area
-- ----------------------------
delete from pdk_bd_city_area;
INSERT INTO `pdk_bd_city_area` VALUES ('0001BD201508311509210001', 'BJ', '北京', '0', '', '2015-08-31 16:41:16', '0');
INSERT INTO `pdk_bd_city_area` VALUES ('0001BD201508311509210002', 'DC', '东城区', '1', '0001BD201508311509210001', '2015-08-31 16:41:16', '0');
INSERT INTO `pdk_bd_city_area` VALUES ('0001BD201508311509210003', 'XC', '西城区', '1', '0001BD201508311509210001', '2015-08-31 16:41:16', '0');
INSERT INTO `pdk_bd_city_area` VALUES ('0001BD201508311509210004', 'CY', '朝阳区', '1', '0001BD201508311509210001', '2015-08-31 16:41:16', '0');
INSERT INTO `pdk_bd_city_area` VALUES ('0001BD201508311509210005', 'FT', '丰台区', '1', '0001BD201508311509210001', '2015-08-31 16:41:16', '0');
INSERT INTO `pdk_bd_city_area` VALUES ('0001BD201508311509210006', 'SJS', '石景山区', '1', '0001BD201508311509210001', '2015-08-31 16:41:16', '0');
INSERT INTO `pdk_bd_city_area` VALUES ('0001BD201508311509210007', 'HD', '海淀区', '1', '0001BD201508311509210001', '2015-08-31 16:41:16', '0');
INSERT INTO `pdk_bd_city_area` VALUES ('0001BD201508311509210008', 'MTG', '门头沟区', '1', '0001BD201508311509210001', '2015-08-31 16:41:16', '0');
INSERT INTO `pdk_bd_city_area` VALUES ('0001BD201508311509210009', 'FS', '房山区', '1', '0001BD201508311509210001', '2015-08-31 16:41:16', '0');
INSERT INTO `pdk_bd_city_area` VALUES ('0001BD201508311509210010', 'TZ', '通州区', '1', '0001BD201508311509210001', '2015-08-31 16:41:16', '0');
INSERT INTO `pdk_bd_city_area` VALUES ('0001BD201508311509210011', 'SY', '顺义区', '1', '0001BD201508311509210001', '2015-08-31 16:41:16', '0');
INSERT INTO `pdk_bd_city_area` VALUES ('0001BD201508311509210012', 'CP', '昌平区', '1', '0001BD201508311509210001', '2015-08-31 16:41:16', '0');
INSERT INTO `pdk_bd_city_area` VALUES ('0001BD201508311509210013', 'DX', '大兴区', '1', '0001BD201508311509210001', '2015-08-31 16:41:16', '0');
INSERT INTO `pdk_bd_city_area` VALUES ('0001BD201508311509210014', 'HR', '怀柔区', '1', '0001BD201508311509210001', '2015-08-31 16:41:16', '0');
INSERT INTO `pdk_bd_city_area` VALUES ('0001BD201508311509210015', 'PG', '平谷区', '1', '0001BD201508311509210001', '2015-08-31 16:41:16', '0');
INSERT INTO `pdk_bd_city_area` VALUES ('0001BD201508311509210016', 'MY', '密云区', '1', '0001BD201508311509210001', '2015-08-31 16:41:16', '0');
INSERT INTO `pdk_bd_city_area` VALUES ('0001BD201508311509210017', 'YQ', '延庆区', '1', '0001BD201508311509210001', '2015-08-31 16:41:16', '0');

-- ----------------------------
-- Records of pdk_bd_position
-- ----------------------------
delete from pdk_bd_position;
INSERT INTO `pdk_bd_position` VALUES ('PDKPREDATA0000000001', '01', '管理员', '2015-08-28 19:06:53', '0');
INSERT INTO `pdk_bd_position` VALUES ('PDKPREDATA0000000002', '02', '客服', '2015-08-28 19:06:53', '0');
INSERT INTO `pdk_bd_position` VALUES ('PDKPREDATA0000000003', '03', '业务员(小跑君)', '2015-08-28 19:06:53', '0');

-- ----------------------------
-- Records of pdk_sm_func
-- ----------------------------
delete from pdk_sm_func;
INSERT INTO `pdk_sm_func` VALUES ('0001SM201508081914350001', 'INDEX', '首页', '05', '/pdk-manage', 'icon-home', '', '0', '2015-08-09 00:00:00', '0', '5');
INSERT INTO `pdk_sm_func` VALUES ('0001SM201508081914350002', 'NOTE_BOOK', '基础数据', '10', 'javascript:void(0)', 'icon-notebook', '', '0', '2015-08-09 00:00:00', '0', '10');
INSERT INTO `pdk_sm_func` VALUES ('0001SM201508081914350003', 'UNIT', '单位', '1005', 'bd/bd_unit', 'icon-book-open', '0001SM201508081914350002', '0', '2015-08-09 00:00:00', '0', '5');
INSERT INTO `pdk_sm_func` VALUES ('0001SM201508081914350004', 'GOODS_TYPE', '商品种类', '1010', 'bd/bd_goodsType', 'icon-book-open', '0001SM201508081914350002', '0', '2015-08-09 00:00:00', '0', '10');
INSERT INTO `pdk_sm_func` VALUES ('0001SM201508081914350005', 'GOODS', '商品', '1015', 'bd/bd_goods', 'icon-book-open', '0001SM201508081914350002', '0', '2015-08-09 00:00:00', '0', '15');
INSERT INTO `pdk_sm_func` VALUES ('0001SM201508081914350006', 'SM', '系统管理', '15', 'javascript:void(0)', 'icon-settings', '', '0', '2015-08-09 00:00:00', '0', '15');
INSERT INTO `pdk_sm_func` VALUES ('0001SM201508081914350007', 'ORG', '组织管理', '1505', 'sm/sm_org', 'icon-user', '0001SM201508081914350006', '0', '2015-08-09 00:00:00', '0', '5');
INSERT INTO `pdk_sm_func` VALUES ('0001SM201508081914350008', 'ROLE', '角色管理', '1510', 'sm/sm_role', 'icon-user', '0001SM201508081914350006', '0', '2015-08-09 00:00:00', '0', '10');
INSERT INTO `pdk_sm_func` VALUES ('0001SM201508081914350009', 'USER', '人员管理', '1515', 'sm/sm_employee', 'icon-user', '0001SM201508081914350006', '0', '2015-08-09 00:00:00', '0', '15');
INSERT INTO `pdk_sm_func` VALUES ('0001SM201508081914350010', 'CUSTOM', '用户管理', '1520', 'sm/sm_user', 'icon-user', '0001SM201508081914350006', '0', '2015-08-09 00:00:00', '0', '20');
INSERT INTO `pdk_sm_func` VALUES ('0001SM201508081914350011', 'AUTH', '权限管理', '1525', 'sm/sm_permission', 'icon-user', '0001SM201508081914350006', '0', '2015-08-09 00:00:00', '0', '25');
INSERT INTO `pdk_sm_func` VALUES ('0001SM201508081914350012', 'FLOW', '流程配置', '20', 'javascript:void(0)', 'icon-directions', '', '0', '2015-08-09 00:00:00', '0', '20');
INSERT INTO `pdk_sm_func` VALUES ('0001SM201508081914350013', 'FLOW_TYPE', '业务类型', '2005', 'flow/flow_types', 'icon-direction', '0001SM201508081914350012', '0', '2015-08-09 00:00:00', '0', '5');
INSERT INTO `pdk_sm_func` VALUES ('0001SM201508081914350014', 'FLOW_TACHE', '流程环节', '2010', 'flow/flow_units', 'icon-direction', '0001SM201508081914350012', '0', '2015-08-09 00:00:00', '0', '10');
INSERT INTO `pdk_sm_func` VALUES ('0001SM201508081914350015', 'FLOW_TEMP', '流程模板配置', '2015', 'flow/flow_templates', 'icon-direction', '0001SM201508081914350012', '0', '2015-08-09 00:00:00', '0', '15');
INSERT INTO `pdk_sm_func` VALUES ('0001SM201508081914350016', 'DOCS', '订单管理', '25', 'javascript:void(0)', 'icon-docs', '', '0', '2015-08-09 00:00:00', '0', '25');
INSERT INTO `pdk_sm_func` VALUES ('0001SM201508081914350017', 'DETAIL', '订单明细管理', '2505', 'order/orderindex', 'icon-doc', '0001SM201508081914350016', '0', '2015-08-09 00:00:00', '0', '5');
INSERT INTO `pdk_sm_func` VALUES ('0001SM201508081914350018', 'FOLOW_BIZ_TYPE', '订单跟踪(业务类型)', '2510', 'order/flowType/index', 'icon-doc', '0001SM201508081914350016', '0', '2015-08-09 00:00:00', '0', '10');
INSERT INTO `pdk_sm_func` VALUES ('0001SM201508081914350019', 'FOLOW_TACHE', '订单跟踪(流程环节)', '2515', 'order/flowUnit/index', 'icon-doc', '0001SM201508081914350016', '0', '2015-08-09 00:00:00', '0', '15');
INSERT INTO `pdk_sm_func` VALUES ('0001SM201508081914350020', 'CUSTOM_SERVICE', '客服管理', '30', 'cs', 'icon-home', '', '0', '2015-08-09 00:00:00', '0', '30');
INSERT INTO `pdk_sm_func` VALUES ('0001SM201508081914350021', 'SHOP', '商店', '1020', 'bd/bd_shop', 'icon-book-open', '0001SM201508081914350002', '0', '2015-08-09 00:00:00', '0', '15');
INSERT INTO `pdk_sm_func` VALUES ('0001SM201508081914350022', 'COUPON', '优惠券管理', '27', 'javascript:void(0)', 'icon-present', null, '0', '2015-09-10 17:48:36', '0', '27');
INSERT INTO `pdk_sm_func` VALUES ('0001SM201508081914350023', 'COUPON_ACT', '优惠券派送管理', '2705', 'coupon/coupon_activity', 'icon-present', '0001SM201508081914350022', '0', '2015-09-10 17:50:19', '0', '5');
INSERT INTO `pdk_sm_func` VALUES ('0001SM201508081914350026', 'CHAT_MSG', '聊天记录', '3010', 'cs/chat/msg/index', 'icon-bubble', '0001SM201508081914350020', '0', '2015-10-20 14:56:55', '0', '10');
INSERT INTO `pdk_sm_func` VALUES ('0001SM201508081914350025', 'CHAT', '客服服务', '3005', 'cs/chat', 'icon-bubble', '0001SM201508081914350020', '0', '2015-09-22 17:57:15', '0', '5');
INSERT INTO `pdk_sm_func` VALUES ('0001SM201508081914350024', 'COUPON_TMP', '优惠券活动模板管理', '2710', 'coupon/coupon_activity_template', 'icon-present', '0001SM201508081914350022', '0', '2015-10-10 19:28:08', '0', '10');
INSERT INTO `pdk_sm_func` VALUES ('0001SM201508081914350028', 'REPORT', '报表', '35', 'report', 'icon-notebook', NULL, 0, '2015-10-27 14:22:34', 0, 35);
INSERT INTO `pdk_sm_func` VALUES ('0001SM201508081914350029', 'REPORT_ORDER', '每日订单报表', '3505', 'report/order', 'icon-book-open', '0001SM201508081914350028', 0, '2015-10-27 14:23:30', 0, 5);

-- ----------------------------
-- Records of pdk_sm_role
-- ----------------------------
delete from pdk_sm_role;
INSERT INTO `pdk_sm_role` VALUES ('0001SM201508061838240001', 'admin', '管理员', '0', '系统内置管理员角色', '2015-08-22 00:00:48', '0');
INSERT INTO `pdk_sm_role` VALUES ('0001SM201510211757140000', 'RUNNER', '小跑君', '0', '', '2015-10-21 17:57:14', '0');
INSERT INTO `pdk_sm_role` VALUES ('0001SM201510211758030000', 'SHOPKEEPER', '店长', '0', '', '2015-10-21 17:58:03', '0');
INSERT INTO `pdk_sm_role` VALUES ('0001SM201510211758150000', 'CS', '客服', '0', '', '2015-10-21 17:58:15', '0');

-- ----------------------------
-- Records of pdk_sm_employee
-- ----------------------------
delete from pdk_sm_employee;
INSERT INTO `pdk_sm_employee` VALUES ('0001SM201508221906530000', 'admin', '系统预置管理员', '', '0001SM201508061838240001', '0', '', '', '202cb962ac59075b964b07152d234b70', null, '0', null, '2015-09-02 17:15:04', '0', 'PDKPREDATA0000000001');


-- ----------------------------
-- Records of pdk_flow_flowtype
-- ----------------------------
delete from pdk_flow_flowtype;
INSERT INTO `pdk_flow_flowtype` VALUES ('0001FL201510172157450000', 'A1', '商超', '0', '', '2015-10-17 21:57:45', '0', null, null);
INSERT INTO `pdk_flow_flowtype` VALUES ('0001FL201510172157590000', 'A2', '药店', '0', '', '2015-10-19 14:58:49', '0', null, null);
INSERT INTO `pdk_flow_flowtype` VALUES ('0001FL201510172158150000', 'A3', '洗衣', '0', '', '2015-10-19 14:58:49', '0', null, null);
INSERT INTO `pdk_flow_flowtype` VALUES ('0001FL201510172158310000', 'A4', '工具租赁', '0', '', '2015-10-19 14:58:49', '0', null, null);
INSERT INTO `pdk_flow_flowtype` VALUES ('0001FL201510172158430000', 'A5', '外卖', '0', '', '2015-10-17 21:58:43', '0', null, null);
INSERT INTO `pdk_flow_flowtype` VALUES ('0001FL201510172158560000', 'B1', '保洁', '0', '', '2015-10-17 21:58:56', '0', null, null);
INSERT INTO `pdk_flow_flowtype` VALUES ('0001FL201510172159050000', 'B2', '维修', '0', '', '2015-10-17 21:59:05', '0', null, null);
INSERT INTO `pdk_flow_flowtype` VALUES ('0001FL201510172159200000', 'B3', '开换锁', '0', '', '2015-10-17 21:59:20', '0', null, null);
INSERT INTO `pdk_flow_flowtype` VALUES ('0001FL201510172159350000', 'B4', '叫快递', '0', '', '2015-10-17 21:59:35', '0', null, null);
INSERT INTO `pdk_flow_flowtype` VALUES ('0001FL201510172159350001', 'B5', '洗车', '0', '', '2015-10-17 21:59:35', '0', null, null);
INSERT INTO `pdk_flow_flowtype` VALUES ('0001FL201510172159480000', 'B6', '按摩', '0', '', '2015-10-17 21:59:48', '0', null, null);
INSERT INTO `pdk_flow_flowtype` VALUES ('0001FL201510172159580000', 'B7', '美容', '0', '', '2015-10-17 21:59:58', '0', null, null);
INSERT INTO `pdk_flow_flowtype` VALUES ('0001FL201510172200090000', 'B8', '搬运', '0', '', '2015-10-17 22:00:09', '0', null, null);
INSERT INTO `pdk_flow_flowtype` VALUES ('0001FL201510172200250000', 'B9', '美甲', '0', '', '2015-10-17 22:00:25', '0', null, null);
INSERT INTO `pdk_flow_flowtype` VALUES ('0001FL201510172200250001', 'B10', '代办', '0', '', '2015-10-17 22:00:25', '0', null, null);
INSERT INTO `pdk_flow_flowtype` VALUES ('0001FL201510172200250002', 'B11', '预约服务', '0', '', '2015-10-17 22:00:25', '0', null, null);
INSERT INTO `pdk_flow_flowtype` VALUES ('0001FL201510172200370000', 'B12', '打车', '0', '', '2015-10-17 22:00:37', '0', null, null);
INSERT INTO `pdk_flow_flowtype` VALUES ('0001FL201510172200370001', 'C4', '早餐', '0', '', '2015-10-17 22:00:37', '0', null, null);



-- ----------------------------
-- Records of pdk_flow_flowunit
-- ----------------------------
delete from pdk_flow_flowunit;
INSERT INTO `pdk_flow_flowunit` VALUES ('0001SM201510201007250001', 'LINK001', '分配业务员', '0', '0', '0', '', '2015-10-19 00:00:00', '0');
INSERT INTO `pdk_flow_flowunit` VALUES ('0001SM201510201007250002', 'LINK002', '接单', '1', '-1', '0', '', '2015-10-19 00:00:00', '0');
INSERT INTO `pdk_flow_flowunit` VALUES ('0001SM201510201007250003', 'LINK003', '到店', '1', '-1', '0', '', '2015-10-19 00:00:00', '0');
INSERT INTO `pdk_flow_flowunit` VALUES ('0001SM201510201007250004', 'LINK004', '出店', '1', '1', '0', '', '2015-10-19 00:00:00', '0');
INSERT INTO `pdk_flow_flowunit` VALUES ('0001SM201510201007250005', 'LINK005', '派送完成', '2', '3', '0', '', '2015-10-23 10:07:35', '0');
INSERT INTO `pdk_flow_flowunit` VALUES ('0001SM201510201007250006', 'LINK006', '支付完成', '2', '2', '0', '', '2015-10-23 10:07:52', '0');
INSERT INTO `pdk_flow_flowunit` VALUES ('0001SM201510201007250007', 'LINK007', '确认送衣时间', '2', '-1', '0', '', '2015-10-19 00:00:00', '0');
INSERT INTO `pdk_flow_flowunit` VALUES ('0001SM201510201007250008', 'LINK008', '取衣到店', '2', '-1', '0', '', '2015-10-19 00:00:00', '0');
INSERT INTO `pdk_flow_flowunit` VALUES ('0001SM201510201007250009', 'LINK009', '取衣出店', '2', '-1', '0', '', '2015-10-19 00:00:00', '0');
INSERT INTO `pdk_flow_flowunit` VALUES ('0001SM201510201007250010', 'LINK010', '确认取回工具时间', '2', '-1', '0', '', '2015-10-19 00:00:00', '0');
INSERT INTO `pdk_flow_flowunit` VALUES ('0001SM201510201007250011', 'LINK011', '离开客户地址已取回', '2', '-1', '0', '', '2015-10-19 00:00:00', '0');
INSERT INTO `pdk_flow_flowunit` VALUES ('0001SM201510201007250012', 'LINK012', '已归还', '2', '3', '0', '', '2015-10-19 00:00:00', '0');
INSERT INTO `pdk_flow_flowunit` VALUES ('0001SM201510201007250013', 'LINK013', '到店', '2', '-1', '0', '', '2015-10-19 00:00:00', '0');
INSERT INTO `pdk_flow_flowunit` VALUES ('0001SM201510201007250014', 'LINK014', '金额确认', '1', '1', '0', '', '2015-10-19 00:00:00', '0');
INSERT INTO `pdk_flow_flowunit` VALUES ('0001SM201510201007250015', 'LINK015', '派送', '2', '-1', '0', '', '2015-10-19 00:00:00', '0');


-- ----------------------------
-- Records of pdk_flow_template
-- ----------------------------
delete from pdk_flow_template;
INSERT INTO `pdk_flow_template` VALUES ('0001FL201510172157450001', '0001FL201510172157450000', '0', null, '2015-10-17 21:57:45', '0');
INSERT INTO `pdk_flow_template` VALUES ('0001FL201510172157590001', '0001FL201510172157590000', '0', null, '2015-10-17 21:57:59', '0');
INSERT INTO `pdk_flow_template` VALUES ('0001FL201510172158150001', '0001FL201510172158150000', '0', null, '2015-10-17 21:58:15', '0');
INSERT INTO `pdk_flow_template` VALUES ('0001FL201510172158310001', '0001FL201510172158310000', '0', null, '2015-10-17 21:58:31', '0');
INSERT INTO `pdk_flow_template` VALUES ('0001FL201510172158430001', '0001FL201510172158430000', '0', null, '2015-10-17 21:58:43', '0');
INSERT INTO `pdk_flow_template` VALUES ('0001FL201510172158560001', '0001FL201510172158560000', '0', null, '2015-10-17 21:58:56', '0');
INSERT INTO `pdk_flow_template` VALUES ('0001FL201510172159050001', '0001FL201510172159050000', '0', null, '2015-10-17 21:59:05', '0');
INSERT INTO `pdk_flow_template` VALUES ('0001FL201510172159200001', '0001FL201510172159200000', '0', null, '2015-10-17 21:59:20', '0');
INSERT INTO `pdk_flow_template` VALUES ('0001FL201510172159350001', '0001FL201510172159350000', '0', null, '2015-10-17 21:59:35', '0');
INSERT INTO `pdk_flow_template` VALUES ('0001FL201510172159480001', '0001FL201510172159480000', '0', null, '2015-10-17 21:59:48', '0');
INSERT INTO `pdk_flow_template` VALUES ('0001FL201510172159580001', '0001FL201510172159580000', '0', null, '2015-10-17 21:59:58', '0');
INSERT INTO `pdk_flow_template` VALUES ('0001FL201510172200090001', '0001FL201510172200090000', '0', null, '2015-10-17 22:00:09', '0');
INSERT INTO `pdk_flow_template` VALUES ('0001FL201510172200250001', '0001FL201510172200250000', '0', null, '2015-10-17 22:00:25', '0');
INSERT INTO `pdk_flow_template` VALUES ('0001FL201510172200370001', '0001FL201510172200370000', '0', null, '2015-10-17 22:00:37', '0');
INSERT INTO `pdk_flow_template` VALUES ('0001FL201510172200370002', '0001FL201510172200250001', '0', null, '2015-10-17 22:00:37', '0');
INSERT INTO `pdk_flow_template` VALUES ('0001FL201510172200370003', '0001FL201510172200250002', '0', null, '2015-10-17 22:00:37', '0');
INSERT INTO `pdk_flow_template` VALUES ('0001FL201510172200370004', '0001FL201510172200370001', '0', null, '2015-10-17 22:00:37', '0');
INSERT INTO `pdk_flow_template` VALUES ('0001FL201510172200370005', '0001FL201510172159350001', '0', null, '2015-10-17 22:00:37', '0');


-- ----------------------------
-- Records of pdk_flow_template_unit
-- ----------------------------
delete from pdk_flow_template_unit;
INSERT INTO `pdk_flow_template_unit` VALUES ('0001SM201510201115480000', '0001FL201510172157450001', '0001FL201510172157450000', '0001SM201510201007250001', '0001SM201510211758030000', null, '', '2015-10-20 11:15:48', '0', 'N', '', '1');
INSERT INTO `pdk_flow_template_unit` VALUES ('0001SM201510201116000000', '0001FL201510172157450001', '0001FL201510172157450000', '0001SM201510201007250002', '0001SM201510211757140000', null, '', '2015-10-20 11:16:00', '0', '', '', '2');
INSERT INTO `pdk_flow_template_unit` VALUES ('0001SM201510201116100000', '0001FL201510172157450001', '0001FL201510172157450000', '0001SM201510201007250003', '0001SM201510211757140000', null, '', '2015-10-20 11:16:10', '0', '', '', '3');
INSERT INTO `pdk_flow_template_unit` VALUES ('0001SM201510201116290000', '0001FL201510172157450001', '0001FL201510172157450000', '0001SM201510201007250004', '0001SM201510211757140000', null, '', '2015-10-20 11:16:29', '0', 'Y', '您好，您订单号为${order.code}已在配送途中，此次订单金额为${order.mny}元，请您收到货品后，在“个人中心-我的订单”中付款，并诚心邀请您下次继续使用跑的快，谢谢！', '4');
INSERT INTO `pdk_flow_template_unit` VALUES ('0001SM201510201116430000', '0001FL201510172157450001', '0001FL201510172157450000', '0001SM201510201007250005', '0001SM201510211757140000', null, '', '2015-10-20 11:16:43', '0', '', '', '5');
INSERT INTO `pdk_flow_template_unit` VALUES ('0001SM201510201116520000', '0001FL201510172157450001', '0001FL201510172157450000', '0001SM201510201007250006', '0001SM201510211758030000', null, '', '2015-10-20 11:16:52', '0', '', '', '6');
INSERT INTO `pdk_flow_template_unit` VALUES ('0001SM201510190000010001', '0001FL201510172157590001', '0001FL201510172157590000', '0001SM201510201007250001', '0001SM201510211758030000', null, '', '2015-10-20 11:15:48', '0', 'N', '', '1');
INSERT INTO `pdk_flow_template_unit` VALUES ('0001SM201510190000010002', '0001FL201510172157590001', '0001FL201510172157590000', '0001SM201510201007250002', '0001SM201510211757140000', null, '', '2015-10-20 11:16:00', '0', '', '', '2');
INSERT INTO `pdk_flow_template_unit` VALUES ('0001SM201510190000010003', '0001FL201510172157590001', '0001FL201510172157590000', '0001SM201510201007250003', '0001SM201510211757140000', null, '', '2015-10-20 11:16:10', '0', '', '', '3');
INSERT INTO `pdk_flow_template_unit` VALUES ('0001SM201510190000010004', '0001FL201510172157590001', '0001FL201510172157590000', '0001SM201510201007250004', '0001SM201510211757140000', null, '', '2015-10-20 11:16:29', '0', 'Y', '您好，您订单号为${order.code}已在配送途中，此次订单金额为${order.mny}元，请您收到货品后，在“个人中心-我的订单”中付款，并诚心邀请您下次继续使用跑的快，谢谢！', '4');
INSERT INTO `pdk_flow_template_unit` VALUES ('0001SM201510190000010005', '0001FL201510172157590001', '0001FL201510172157590000', '0001SM201510201007250005', '0001SM201510211757140000', null, '', '2015-10-20 11:16:43', '0', '', '', '5');
INSERT INTO `pdk_flow_template_unit` VALUES ('0001SM201510190000010006', '0001FL201510172157590001', '0001FL201510172157590000', '0001SM201510201007250006', '0001SM201510211758030000', null, '', '2015-10-20 11:16:52', '0', '', '', '6');
INSERT INTO `pdk_flow_template_unit` VALUES ('0001SM201510190000020001', '0001FL201510172158150001', '0001FL201510172158150000', '0001SM201510201007250001', '0001SM201510211758030000', null, '', '2015-10-20 11:15:48', '0', 'N', '', '1');
INSERT INTO `pdk_flow_template_unit` VALUES ('0001SM201510190000020002', '0001FL201510172158150001', '0001FL201510172158150000', '0001SM201510201007250002', '0001SM201510211757140000', null, '', '2015-10-20 11:16:00', '0', '', '', '2');
INSERT INTO `pdk_flow_template_unit` VALUES ('0001SM201510190000020003', '0001FL201510172158150001', '0001FL201510172158150000', '0001SM201510201007250003', '0001SM201510211757140000', null, '', '2015-10-20 11:16:10', '0', '', '', '3');
INSERT INTO `pdk_flow_template_unit` VALUES ('0001SM201510190000020004', '0001FL201510172158150001', '0001FL201510172158150000', '0001SM201510201007250004', '0001SM201510211757140000', null, '', '2015-10-20 11:16:29', '0', 'Y', '您好，您订单号为${order.code}已在配送途中，此次订单金额为${order.mny}元，请您收到货品后，在“个人中心-我的订单”中付款，并诚心邀请您下次继续使用跑的快，谢谢！', '4');
INSERT INTO `pdk_flow_template_unit` VALUES ('0001SM201510190000020005', '0001FL201510172158150001', '0001FL201510172158150000', '0001SM201510201007250005', '0001SM201510211757140000', null, '', '2015-10-20 11:16:43', '0', '', '', '5');
INSERT INTO `pdk_flow_template_unit` VALUES ('0001SM201510190000020006', '0001FL201510172158150001', '0001FL201510172158150000', '0001SM201510201007250006', '0001SM201510211758030000', null, '', '2015-10-20 11:16:52', '0', '', '', '6');
INSERT INTO `pdk_flow_template_unit` VALUES ('0001SM201510190000030001', '0001FL201510172158430001', '0001FL201510172158430000', '0001SM201510201007250001', '0001SM201510211758030000', null, '', '2015-10-20 11:15:48', '0', 'N', '', '1');
INSERT INTO `pdk_flow_template_unit` VALUES ('0001SM201510190000030002', '0001FL201510172158430001', '0001FL201510172158430000', '0001SM201510201007250002', '0001SM201510211757140000', null, '', '2015-10-20 11:16:00', '0', '', '', '2');
INSERT INTO `pdk_flow_template_unit` VALUES ('0001SM201510190000030003', '0001FL201510172158430001', '0001FL201510172158430000', '0001SM201510201007250003', '0001SM201510211757140000', null, '', '2015-10-20 11:16:10', '0', '', '', '3');
INSERT INTO `pdk_flow_template_unit` VALUES ('0001SM201510190000030004', '0001FL201510172158430001', '0001FL201510172158430000', '0001SM201510201007250004', '0001SM201510211757140000', null, '', '2015-10-20 11:16:29', '0', 'Y', '您好，您订单号为${order.code}已在配送途中，此次订单金额为${order.mny}元，请您收到货品后，在“个人中心-我的订单”中付款，并诚心邀请您下次继续使用跑的快，谢谢！', '4');
INSERT INTO `pdk_flow_template_unit` VALUES ('0001SM201510190000030005', '0001FL201510172158430001', '0001FL201510172158430000', '0001SM201510201007250005', '0001SM201510211757140000', null, '', '2015-10-20 11:16:43', '0', '', '', '5');
INSERT INTO `pdk_flow_template_unit` VALUES ('0001SM201510190000030006', '0001FL201510172158430001', '0001FL201510172158430000', '0001SM201510201007250006', '0001SM201510211758030000', null, '', '2015-10-20 11:16:52', '0', '', '', '6');
INSERT INTO `pdk_flow_template_unit` VALUES ('0001SM201510201344370000', '0001FL201510172158310001', '0001FL201510172158310000', '0001SM201510201007250001', '0001SM201510211758030000', null, '', '2015-10-20 13:44:37', '0', 'N', '', '1');
INSERT INTO `pdk_flow_template_unit` VALUES ('0001SM201510201344590000', '0001FL201510172158310001', '0001FL201510172158310000', '0001SM201510201007250002', '0001SM201510211757140000', null, '', '2015-10-20 13:44:59', '0', '', '', '2');
INSERT INTO `pdk_flow_template_unit` VALUES ('0001SM201510201345340000', '0001FL201510172158310001', '0001FL201510172158310000', '0001SM201510201007250003', '0001SM201510211757140000', null, '', '2015-10-20 13:45:34', '0', '', '', '3');
INSERT INTO `pdk_flow_template_unit` VALUES ('0001SM201510201345580000', '0001FL201510172158310001', '0001FL201510172158310000', '0001SM201510201007250004', '0001SM201510211757140000', null, '', '2015-10-20 13:45:58', '0', 'Y', '您好，您订单号为${order.code}已在配送途中，此次订单金额为${order.mny}元，请您收到货品后，在“个人中心-我的订单”中付款，并诚心邀请您下次继续使用跑的快，谢谢！', '4');
INSERT INTO `pdk_flow_template_unit` VALUES ('0001SM201510201346170000', '0001FL201510172158310001', '0001FL201510172158310000', '0001SM201510201007250010', '0001SM201510211757140000', null, '', '2015-10-20 13:46:17', '0', '', '', '5');
INSERT INTO `pdk_flow_template_unit` VALUES ('0001SM201510201346280000', '0001FL201510172158310001', '0001FL201510172158310000', '0001SM201510201007250011', '0001SM201510211757140000', null, '', '2015-10-20 13:46:28', '0', '', '', '6');
INSERT INTO `pdk_flow_template_unit` VALUES ('0001SM201510201346430000', '0001FL201510172158310001', '0001FL201510172158310000', '0001SM201510201007250012', '0001SM201510211757140000', null, '', '2015-10-20 13:46:43', '0', '', '', '7');
INSERT INTO `pdk_flow_template_unit` VALUES ('0001SM201510201346570000', '0001FL201510172158310001', '0001FL201510172158310000', '0001SM201510201007250006', '0001SM201510211758030000', null, '', '2015-10-20 13:46:57', '0', '', '', '8');
INSERT INTO `pdk_flow_template_unit` VALUES ('0001SM201510190000050001', '0001FL201510172159050001', '0001FL201510172159050000', '0001SM201510201007250001', '0001SM201510211758150000', null, '', '2015-10-20 13:48:50', '0', '', '', '1');
INSERT INTO `pdk_flow_template_unit` VALUES ('0001SM201510190000050002', '0001FL201510172159050001', '0001FL201510172159050000', '0001SM201510201007250014', '0001SM201510211758150000', null, '', '2015-10-20 14:49:17', '0', 'Y', '您好，您订单号为${order.code}的维修服务已完成，费用为${order.mny}元，请您在”个人中心-我的订单”中付款，并诚心邀请您下次继续使用跑的快，谢谢！', '2');
INSERT INTO `pdk_flow_template_unit` VALUES ('0001SM201510190000040001', '0001FL201510172158560001', '0001FL201510172158560000', '0001SM201510201007250001', '0001SM201510211758150000', null, '', '2015-10-20 13:48:50', '0', '', '', '1');
INSERT INTO `pdk_flow_template_unit` VALUES ('0001SM201510190000040002', '0001FL201510172158560001', '0001FL201510172158560000', '0001SM201510201007250014', '0001SM201510211758150000', null, '', '2015-10-20 13:57:28', '0', 'Y', '您好，您订单号为${order.code}的保洁服务已完成，费用为${order.mny}元，请您在”个人中心-我的订单”中付款，并诚心邀请您下次继续使用跑的快，谢谢！', '2');
INSERT INTO `pdk_flow_template_unit` VALUES ('0001SM201510190000040003', '0001FL201510172158560001', '0001FL201510172158560000', '0001SM201510201007250006', '0001SM201510211758150000', null, '', '2015-10-20 13:49:51', '0', '', '', '3');
INSERT INTO `pdk_flow_template_unit` VALUES ('0001SM201510190000050003', '0001FL201510172159050001', '0001FL201510172159050000', '0001SM201510201007250006', '0001SM201510211758150000', null, '', '2015-10-20 13:49:51', '0', '', '', '3');
INSERT INTO `pdk_flow_template_unit` VALUES ('0001SM201510190000060001', '0001FL201510172159200001', '0001FL201510172159200000', '0001SM201510201007250001', '0001SM201510211758150000', null, '', '2015-10-20 13:48:50', '0', '', '', '1');
INSERT INTO `pdk_flow_template_unit` VALUES ('0001SM201510190000060002', '0001FL201510172159200001', '0001FL201510172159200000', '0001SM201510201007250014', '0001SM201510211758150000', null, '', '2015-10-20 13:57:28', '0', 'Y', '您好，您订单号为${order.code}的开换锁服务已完成，费用为${order.mny}元，请您在”个人中心-我的订单”中付款，并诚心邀请您下次继续使用跑的快，谢谢！', '2');
INSERT INTO `pdk_flow_template_unit` VALUES ('0001SM201510190000060003', '0001FL201510172159200001', '0001FL201510172159200000', '0001SM201510201007250006', '0001SM201510211758150000', null, '', '2015-10-20 13:49:51', '0', '', '', '3');
INSERT INTO `pdk_flow_template_unit` VALUES ('0001SM201510190000070001', '0001FL201510172159350001', '0001FL201510172159350000', '0001SM201510201007250001', '0001SM201510211758150000', null, '', '2015-10-20 13:48:50', '0', '', '', '1');
INSERT INTO `pdk_flow_template_unit` VALUES ('0001SM201510190000070002', '0001FL201510172159350001', '0001FL201510172159350000', '0001SM201510201007250014', '0001SM201510211758150000', null, '', '2015-10-20 13:57:28', '0', 'Y', '您好，您订单号为${order.code}的叫快递服务已完成，费用为${order.mny}元，请您在”个人中心-我的订单”中付款，并诚心邀请您下次继续使用跑的快，谢谢！', '2');
INSERT INTO `pdk_flow_template_unit` VALUES ('0001SM201510190000070003', '0001FL201510172159350001', '0001FL201510172159350000', '0001SM201510201007250006', '0001SM201510211758150000', null, '', '2015-10-20 13:49:51', '0', '', '', '3');
INSERT INTO `pdk_flow_template_unit` VALUES ('0001SM201510190000080001', '0001FL201510172159480001', '0001FL201510172159480000', '0001SM201510201007250001', '0001SM201510211758150000', null, '', '2015-10-20 13:48:50', '0', '', '', '1');
INSERT INTO `pdk_flow_template_unit` VALUES ('0001SM201510190000080002', '0001FL201510172159480001', '0001FL201510172159480000', '0001SM201510201007250014', '0001SM201510211758150000', null, '', '2015-10-20 14:50:06', '0', 'Y', '您好，您订单号为${order.code}的按摩服务已完成，费用为${order.mny}元，请您在”个人中心-我的订单”中付款，并诚心邀请您下次继续使用跑的快，谢谢！', '2');
INSERT INTO `pdk_flow_template_unit` VALUES ('0001SM201510190000080003', '0001FL201510172159480001', '0001FL201510172159480000', '0001SM201510201007250006', '0001SM201510211758150000', null, '', '2015-10-20 13:49:51', '0', '', '', '3');
INSERT INTO `pdk_flow_template_unit` VALUES ('0001SM201510190000090001', '0001FL201510172159580001', '0001FL201510172159580000', '0001SM201510201007250001', '0001SM201510211758150000', null, '', '2015-10-20 13:48:50', '0', '', '', '1');
INSERT INTO `pdk_flow_template_unit` VALUES ('0001SM201510190000090002', '0001FL201510172159580001', '0001FL201510172159580000', '0001SM201510201007250014', '0001SM201510211758150000', null, '', '2015-10-20 14:50:15', '0', 'Y', '您好，您订单号为${order.code}的美容服务已完成，费用为${order.mny}元，请您在”个人中心-我的订单”中付款，并诚心邀请您下次继续使用跑的快，谢谢！', '2');
INSERT INTO `pdk_flow_template_unit` VALUES ('0001SM201510190000090003', '0001FL201510172159580001', '0001FL201510172159580000', '0001SM201510201007250006', '0001SM201510211758150000', null, '', '2015-10-20 13:49:51', '0', '', '', '3');
INSERT INTO `pdk_flow_template_unit` VALUES ('0001SM201510190000100001', '0001FL201510172200090001', '0001FL201510172200090000', '0001SM201510201007250001', '0001SM201510211758150000', null, '', '2015-10-20 13:48:50', '0', '', '', '1');
INSERT INTO `pdk_flow_template_unit` VALUES ('0001SM201510190000100002', '0001FL201510172200090001', '0001FL201510172200090000', '0001SM201510201007250014', '0001SM201510211758150000', null, '', '2015-10-20 14:50:26', '0', 'Y', '您好，您订单号为${order.code}的搬运服务已完成，费用为${order.mny}元，请您在”个人中心-我的订单”中付款，并诚心邀请您下次继续使用跑的快，谢谢！', '2');
INSERT INTO `pdk_flow_template_unit` VALUES ('0001SM201510190000100003', '0001FL201510172200090001', '0001FL201510172200090000', '0001SM201510201007250006', '0001SM201510211758150000', null, '', '2015-10-20 13:49:51', '0', '', '', '3');
INSERT INTO `pdk_flow_template_unit` VALUES ('0001SM201510190000110001', '0001FL201510172200250001', '0001FL201510172200250000', '0001SM201510201007250001', '0001SM201510211758150000', null, '', '2015-10-20 13:48:50', '0', '', '', '1');
INSERT INTO `pdk_flow_template_unit` VALUES ('0001SM201510190000110002', '0001FL201510172200250001', '0001FL201510172200250000', '0001SM201510201007250014', '0001SM201510211758150000', null, '', '2015-10-20 14:50:43', '0', 'Y', '您好，您订单号为${order.code}的美甲服务已完成，费用为${order.mny}元，请您在”个人中心-我的订单”中付款，并诚心邀请您下次继续使用跑的快，谢谢！', '2');
INSERT INTO `pdk_flow_template_unit` VALUES ('0001SM201510190000110003', '0001FL201510172200250001', '0001FL201510172200250000', '0001SM201510201007250006', '0001SM201510211758150000', null, '', '2015-10-20 13:49:51', '0', '', '', '3');
INSERT INTO `pdk_flow_template_unit` VALUES ('0001SM201510190000120001', '0001FL201510172200370001', '0001FL201510172200370000', '0001SM201510201007250001', '0001SM201510211758150000', null, '', '2015-10-20 13:48:50', '0', '', '', '1');
INSERT INTO `pdk_flow_template_unit` VALUES ('0001SM201510190000120002', '0001FL201510172200370001', '0001FL201510172200370000', '0001SM201510201007250014', '0001SM201510211758150000', null, '', '2015-10-20 14:48:03', '0', 'Y', '您好，您订单号为${order.code}的打车服务已完成，费用为${order.mny}元，请您在”个人中心-我的订单”中付款，并诚心邀请您下次继续使用跑的快，谢谢！', '2');
INSERT INTO `pdk_flow_template_unit` VALUES ('0001SM201510190000120003', '0001FL201510172200370001', '0001FL201510172200370000', '0001SM201510201007250006', '0001SM201510211758150000', null, '', '2015-10-20 13:49:51', '0', '', '', '3');
INSERT INTO `pdk_flow_template_unit` VALUES ('0001SM201510190000130001', '0001FL201510172200370002', '0001FL201510172200250001', '0001SM201510201007250001', '0001SM201510211758150000', null, '', '2015-10-20 13:48:50', '0', '', '', '1');
INSERT INTO `pdk_flow_template_unit` VALUES ('0001SM201510190000130002', '0001FL201510172200370002', '0001FL201510172200250001', '0001SM201510201007250014', '0001SM201510211758150000', null, '', '2015-10-20 14:48:50', '0', 'Y', '您好，您订单号为${order.code}的代办服务已预约成功，费用为${order.mny}元，请您在“个人中心-我的订单”中付款，并诚心邀请您下次继续使用跑的快，谢谢！', '2');
INSERT INTO `pdk_flow_template_unit` VALUES ('0001SM201510190000130003', '0001FL201510172200370002', '0001FL201510172200250001', '0001SM201510201007250006', '0001SM201510211758150000', null, '', '2015-10-20 13:49:51', '0', '', '', '3');
INSERT INTO `pdk_flow_template_unit` VALUES ('0001SM201510190000140001', '0001FL201510172200370003', '0001FL201510172200250002', '0001SM201510201007250001', '0001SM201510211758150000', null, '', '2015-10-20 13:48:50', '0', '', '', '1');
INSERT INTO `pdk_flow_template_unit` VALUES ('0001SM201510190000140002', '0001FL201510172200370003', '0001FL201510172200250002', '0001SM201510201007250014', '0001SM201510211758150000', null, '', '2015-10-20 14:49:07', '0', 'Y', '您好，您订单号为${order.code}的服务已预约成功，费用为${order.mny}元，请您在“个人中心-我的订单”中付款，并诚心邀请您下次继续使用跑的快，谢谢！', '2');
INSERT INTO `pdk_flow_template_unit` VALUES ('0001SM201510190000140003', '0001FL201510172200370003', '0001FL201510172200250002', '0001SM201510201007250006', '0001SM201510211758150000', null, '', '2015-10-20 13:49:51', '0', '', '', '3');
INSERT INTO `pdk_flow_template_unit` VALUES ('0001SM201510190000150001', '0001FL201510172200370005', '0001FL201510172159350001', '0001SM201510201007250001', '0001SM201510211758150000', null, '', '2015-10-20 13:48:50', '0', '', '', '1');
INSERT INTO `pdk_flow_template_unit` VALUES ('0001SM201510190000150002', '0001FL201510172200370005', '0001FL201510172159350001', '0001SM201510201007250014', '0001SM201510211758150000', null, '', '2015-10-20 14:49:55', '0', 'Y', '您好，您订单号为${order.code}的洗车服务已完成，费用为${order.mny}元，请您在”个人中心-我的订单”中付款，并诚心邀请您下次继续使用跑的快，谢谢！', '2');
INSERT INTO `pdk_flow_template_unit` VALUES ('0001SM201510190000150003', '0001FL201510172200370005', '0001FL201510172159350001', '0001SM201510201007250006', '0001SM201510211758150000', null, '', '2015-10-20 13:49:51', '0', '', '', '3');
INSERT INTO `pdk_flow_template_unit` VALUES ('0001SM201510201451370006', '0001FL201510172200370004', '0001FL201510172200370001', '0001SM201510201007250014', '0001SM201510211758150000', null, '', '2015-10-20 14:51:37', '0', 'Y', '您好，您订单号为${order.code}的早餐服务已预约成功，费用为${order.mny}元，请您在“个人中心-我的订单”中付款，并诚心邀请您下次继续使用跑的快，谢谢！', '1');
INSERT INTO `pdk_flow_template_unit` VALUES ('0001SM201510201451590000', '0001FL201510172200370004', '0001FL201510172200370001', '0001SM201510201007250001', '0001SM201510211758030000', null, '', '2015-10-20 14:51:59', '0', '', '', '2');
INSERT INTO `pdk_flow_template_unit` VALUES ('0001SM201510201452110000', '0001FL201510172200370004', '0001FL201510172200370001', '0001SM201510201007250003', '0001SM201510211757140000', null, '', '2015-10-20 14:52:11', '0', '', '', '3');
INSERT INTO `pdk_flow_template_unit` VALUES ('0001SM201510201455250000', '0001FL201510172200370004', '0001FL201510172200370001', '0001SM201510201007250015', '0001SM201510211757140000', null, '', '2015-10-20 14:55:25', '0', 'Y', 'Hello,主人！您订单编号为${order.code}的订单正在配送途中，将于您预约的时间送达，请您准备接收哦~', '4');
INSERT INTO `pdk_flow_template_unit` VALUES ('0001SM201510201455400000', '0001FL201510172200370004', '0001FL201510172200370001', '0001SM201510201007250005', '0001SM201510211757140000', null, '', '2015-10-20 14:55:40', '0', '', '', '5');
INSERT INTO `pdk_flow_template_unit` VALUES ('0001SM201510201456010000', '0001FL201510172200370004', '0001FL201510172200370001', '0001SM201510201007250006', '0001SM201510211758150000', null, '', '2015-10-20 14:56:01', '0', '', '', '6');

-- ----------------------------
-- Records of pdk_coupon_activity_template
-- ----------------------------
delete from pdk_coupon_activity_template;
INSERT INTO `pdk_coupon_activity_template` VALUES ('0001CP201510201037460000', 'SGHD', '首关礼包', '0', '用于用户首次关注发放优惠券用', '2015-10-20 10:37:46', '0');
INSERT INTO `pdk_coupon_activity_template` VALUES ('0001CP201510201038470000', 'PJHD', '评价礼包', '0', '用于用户针对订单关联的派送人员进行评价后发送优惠券', '2015-10-20 10:38:47', '0');
INSERT INTO `pdk_coupon_activity_template` VALUES ('0001CP201510201039360000', 'FXHD', '分享礼包', '0', '用户用户针对公众号分享活动发送优惠券用', '2015-10-20 10:39:36', '0');

-- ----------------------------
-- Records of pdk_coupon_activity_template_b
-- ----------------------------
delete from pdk_coupon_activity_template_b;
INSERT INTO `pdk_coupon_activity_template_b` VALUES ('0001CP201510201037460003', '0001CP201510201037460000', 'C201510201037460002', '预置优惠券', null, '0001FL201510172157450000', '0.00', '0.00', '0', '1', null, null, '', '2015-10-20 10:37:46', '0');
INSERT INTO `pdk_coupon_activity_template_b` VALUES ('0001CP201510201038470003', '0001CP201510201038470000', 'C201510201038470002', '预置优惠券', null, '0001FL201510172157450000', '0.00', '0.00', '0', '1', null, null, '', '2015-10-20 10:38:47', '0');
INSERT INTO `pdk_coupon_activity_template_b` VALUES ('0001CP201510201039360003', '0001CP201510201039360000', 'C201510201039360002', '预置优惠券', null, '0001FL201510172157450000', '0.00', '0.00', '0', '1', null, null, '', '2015-10-20 10:39:36', '0');

-- ----------------------------
-- Records of pdk_bd_quick_reply
-- ----------------------------
INSERT INTO `pdk_bd_quick_reply` VALUES ('0001BD201510260914300000', 'Hi，我是小跑君，请问您有什么需要？', '2015-10-26 09:15:15', 0, 1);
INSERT INTO `pdk_bd_quick_reply` VALUES ('0001BD201510260914300001', '把您的地址、联系人和联系方式告诉小跑君吧~', '2015-10-26 09:15:22', 0, 2);
INSERT INTO `pdk_bd_quick_reply` VALUES ('0001BD201510260914300002', '请问您是现金支付还是微信支付？', '2015-10-26 09:15:26', 0, 3);
INSERT INTO `pdk_bd_quick_reply` VALUES ('0001BD201510260914300003', '好的，小跑君这就帮您去办，请您耐心等候~', '2015-10-26 09:15:35', 0, 4);
INSERT INTO `pdk_bd_quick_reply` VALUES ('0001BD201510260914300004', '由于天气的原因，路面湿滑，可能比平时配送时间要延迟一些，请您体谅~', '2015-10-26 09:15:40', 0, 5);
INSERT INTO `pdk_bd_quick_reply` VALUES ('0001BD201510260914300005', '好的，请问您还有别的需要吗？', '2015-10-28 12:15:26', 0, 6);
